{
  "hash": "c43aa245",
  "configHash": "55fc28f8",
  "lockfileHash": "e32d2477",
  "browserHash": "a4be869d",
  "optimized": {
    "@angular/core": {
      "src": "../../../../../node_modules/@angular/core/fesm2022/core.mjs",
      "file": "@angular_core.js",
      "fileHash": "b1b466db",
      "needsInterop": false
    },
    "@angular/material/core": {
      "src": "../../../../../node_modules/@angular/material/fesm2022/core.mjs",
      "file": "@angular_material_core.js",
      "fileHash": "df4b6dfb",
      "needsInterop": false
    },
    "@angular/material/datepicker": {
      "src": "../../../../../node_modules/@angular/material/fesm2022/datepicker.mjs",
      "file": "@angular_material_datepicker.js",
      "fileHash": "6c0b1826",
      "needsInterop": false
    },
    "@angular/material/form-field": {
      "src": "../../../../../node_modules/@angular/material/fesm2022/form-field.mjs",
      "file": "@angular_material_form-field.js",
      "fileHash": "344d59f0",
      "needsInterop": false
    },
    "@angular/material/icon": {
      "src": "../../../../../node_modules/@angular/material/fesm2022/icon.mjs",
      "file": "@angular_material_icon.js",
      "fileHash": "f587e0f6",
      "needsInterop": false
    },
    "@angular/material/input": {
      "src": "../../../../../node_modules/@angular/material/fesm2022/input.mjs",
      "file": "@angular_material_input.js",
      "fileHash": "6c9e48cf",
      "needsInterop": false
    },
    "@angular/material/paginator": {
      "src": "../../../../../node_modules/@angular/material/fesm2022/paginator.mjs",
      "file": "@angular_material_paginator.js",
      "fileHash": "1c55ef6a",
      "needsInterop": false
    },
    "@angular/material/sort": {
      "src": "../../../../../node_modules/@angular/material/fesm2022/sort.mjs",
      "file": "@angular_material_sort.js",
      "fileHash": "2f68a35e",
      "needsInterop": false
    },
    "@angular/material/table": {
      "src": "../../../../../node_modules/@angular/material/fesm2022/table.mjs",
      "file": "@angular_material_table.js",
      "fileHash": "7e9d0828",
      "needsInterop": false
    },
    "@angular/material/toolbar": {
      "src": "../../../../../node_modules/@angular/material/fesm2022/toolbar.mjs",
      "file": "@angular_material_toolbar.js",
      "fileHash": "e1528b87",
      "needsInterop": false
    },
    "@angular/platform-browser": {
      "src": "../../../../../node_modules/@angular/platform-browser/fesm2022/platform-browser.mjs",
      "file": "@angular_platform-browser.js",
      "fileHash": "f736de1b",
      "needsInterop": false
    },
    "@angular/platform-browser/animations/async": {
      "src": "../../../../../node_modules/@angular/platform-browser/fesm2022/animations/async.mjs",
      "file": "@angular_platform-browser_animations_async.js",
      "fileHash": "973faf24",
      "needsInterop": false
    },
    "@angular/router": {
      "src": "../../../../../node_modules/@angular/router/fesm2022/router.mjs",
      "file": "@angular_router.js",
      "fileHash": "9c953303",
      "needsInterop": false
    }
  },
  "chunks": {
    "browser-6WZ36DHU": {
      "file": "browser-6WZ36DHU.js"
    },
    "chunk-RQMTBU3L": {
      "file": "chunk-RQMTBU3L.js"
    },
    "chunk-6ZOODR3I": {
      "file": "chunk-6ZOODR3I.js"
    },
    "chunk-76DIOEIC": {
      "file": "chunk-76DIOEIC.js"
    },
    "chunk-YWBRG3BE": {
      "file": "chunk-YWBRG3BE.js"
    },
    "chunk-3E22S3IR": {
      "file": "chunk-3E22S3IR.js"
    },
    "chunk-7GNSL42B": {
      "file": "chunk-7GNSL42B.js"
    },
    "chunk-ISNGRWPA": {
      "file": "chunk-ISNGRWPA.js"
    },
    "chunk-G3PCUROA": {
      "file": "chunk-G3PCUROA.js"
    },
    "chunk-J7IMIOX5": {
      "file": "chunk-J7IMIOX5.js"
    },
    "chunk-YOLLYJXX": {
      "file": "chunk-YOLLYJXX.js"
    }
  }
}